{"details": [{"firstname": "Yashjeet", "lastname": "Rawale", "email": "yashjeet@gmail.com", "mobileno": "9835647862", "address": "Amaravati"}, {"firstname": "Ashray", "lastname": "Lengure", "email": "ashu@gmail.com", "mobileno": "9765412301", "address": "Chandrapur"}, {"firstname": "yosh", "lastname": "uytr", "email": "yashjeet@gmail.com", "mobileno": "8745698721", "address": "Amaravati"}, {"firstname": "sdfg", "lastname": "jhg", "email": "ashu@gmail.com", "mobileno": "9874563214", "address": "America"}]}